{
   "dashboards": [{
      "autoswitchEnabled": false,
      "columnCount": 1,
      "columnProportion": "1",
      "creationTime": 1529875835605,
      "description": "",
      "disabled": false,
      "hidden": false,
      "homeTab": false,
      "id": "e218bda6-2662-4748-bff0-cc18b60c9fe9",
      "importAttempts": 0,
      "importComplete": true,
      "isDefault": false,
      "locked": false,
      "name": "TAM Contention Trends",
      "rank": 47,
      "shared": false,
      "temporary": false,
      "userId": "f011edec-1210-4abc-bbd5-3abb8967442a",
      "widgetInteractions": [
         {
            "type": "resourceId",
            "widgetIdProvider": "f4e9ed75-d6cb-4bdd-a1ad-fea00ac11178",
            "widgetIdReceiver": "264d812d-37b8-4acb-8e3a-729f031be56f"
         },
         {
            "type": "resourceId",
            "widgetIdProvider": "f4e9ed75-d6cb-4bdd-a1ad-fea00ac11178",
            "widgetIdReceiver": "4e8ddde0-3ccd-4b59-a3af-41038cc05b0a"
         },
         {
            "type": "resourceId",
            "widgetIdProvider": "f4e9ed75-d6cb-4bdd-a1ad-fea00ac11178",
            "widgetIdReceiver": "e73758d8-3289-4f9f-8a6b-82a2a6584aea"
         },
         {
            "type": "resourceId",
            "widgetIdProvider": "f4e9ed75-d6cb-4bdd-a1ad-fea00ac11178",
            "widgetIdReceiver": "4c404fdb-ab0c-4595-8ca6-0a42cec9c851"
         },
         {
            "type": "resourceId",
            "widgetIdProvider": "f4e9ed75-d6cb-4bdd-a1ad-fea00ac11178",
            "widgetIdReceiver": "19432b6d-c911-41e9-a1a9-5364af5ec039"
         },
         {
            "type": "resourceId",
            "widgetIdProvider": "4c404fdb-ab0c-4595-8ca6-0a42cec9c851",
            "widgetIdReceiver": "0dc4b460-7451-4738-99ba-dcacb9c0b46f"
         },
         {
            "type": "resourceId",
            "widgetIdProvider": "4c404fdb-ab0c-4595-8ca6-0a42cec9c851",
            "widgetIdReceiver": "4f1b0a50-c5e7-45a8-b0a1-b1d4629ce744"
         },
         {
            "type": "resourceId",
            "widgetIdProvider": "4c404fdb-ab0c-4595-8ca6-0a42cec9c851",
            "widgetIdReceiver": "c7bdff81-2bb3-4c6e-8964-ca1236be088f"
         },
         {
            "type": "resourceId",
            "widgetIdProvider": "4c404fdb-ab0c-4595-8ca6-0a42cec9c851",
            "widgetIdReceiver": "edea4955-d3f2-4be4-a3fc-a1b536b77d5c"
         },
         {
            "type": "resourceId",
            "widgetIdProvider": "4c404fdb-ab0c-4595-8ca6-0a42cec9c851",
            "widgetIdReceiver": "8720b3de-3326-4b99-a8a6-87d9813e8465"
         },
         {
            "type": "resourceId",
            "widgetIdProvider": "8720b3de-3326-4b99-a8a6-87d9813e8465",
            "widgetIdReceiver": "8f2e71db-5eba-4fca-8e6c-8cf44c498dd1"
         },
         {
            "type": "resourceId",
            "widgetIdProvider": "8720b3de-3326-4b99-a8a6-87d9813e8465",
            "widgetIdReceiver": "913f6419-cf1d-46c7-bc8c-de92102ee6eb"
         },
         {
            "type": "resourceId",
            "widgetIdProvider": "8720b3de-3326-4b99-a8a6-87d9813e8465",
            "widgetIdReceiver": "7240d5ea-af8e-43c3-b0c7-9d5be330d816"
         },
         {
            "type": "resourceId",
            "widgetIdProvider": "8720b3de-3326-4b99-a8a6-87d9813e8465",
            "widgetIdReceiver": "0dc3a107-9986-4c56-8f60-9240018611e8"
         }
      ],
      "widgets": [
         {
            "collapsed": false,
            "config": {
               "additionalColumns": [],
               "mode": 0,
               "refreshContent": {"refreshContent": false},
               "refreshInterval": 300,
               "selectFirstRow": {"selectFirstRow": true},
               "tagFilter": {
                  "path": ["/source/kind/kind:resourceKind:id:0_::_"],
                  "value": {
                     "adapterInstance": [],
                     "adapterKind": [],
                     "bus": [],
                     "collector": [],
                     "day": [],
                     "exclaim": false,
                     "healthRange": [],
                     "kind": ["resourceKind:id:0_::_"],
                     "maintenanceSchedule": [],
                     "state": [],
                     "status": [],
                     "tag": [],
                     "tier": []
                  }
               },
               "title": "Select Cluster"
            },
            "gridsterCoords": {
               "h": 6,
               "w": 2,
               "x": 1,
               "y": 1
            },
            "height": 324,
            "id": "f4e9ed75-d6cb-4bdd-a1ad-fea00ac11178",
            "states": [{
               "key": "permResGrid_widget_e218bda6-2662-4748-bff0-cc18b60c9fe9_f4e9ed75-d6cb-4bdd-a1ad-fea00ac11178",
               "value": "o%3Acolumns%3Da%253Ao%25253Aid%25253Ds%2525253Ah1%25255Ehidden%25253Db%2525253A1%25255Ewidth%25253Dn%2525253A100%255Eo%25253Aid%25253Ds%2525253Ah2%255Eo%25253Aid%25253Ds%2525253Ah3%25255Ehidden%25253Db%2525253A1%25255Ewidth%25253Dn%2525253A100%255Eo%25253Aid%25253Ds%2525253Ah4%25255Ehidden%25253Db%2525253A1%255Eo%25253Aid%25253Ds%2525253Ah5%25255Ehidden%25253Db%2525253A1%255Eo%25253Aid%25253Ds%2525253Ah6%25255Ehidden%25253Db%2525253A1%255Eo%25253Aid%25253Ds%2525253Ah7%25255Ehidden%25253Db%2525253A1%25255Ewidth%25253Dn%2525253A100%255Eo%25253Aid%25253Ds%2525253Ah8%25255Ehidden%25253Db%2525253A1%25255Ewidth%25253Dn%2525253A100%255Eo%25253Aid%25253Ds%2525253Ah9%25255Ehidden%25253Db%2525253A1%25255Ewidth%25253Dn%2525253A100%255Eo%25253Aid%25253Ds%2525253Ah10%25255Ehidden%25253Db%2525253A1%25255Ewidth%25253Dn%2525253A100%255Eo%25253Aid%25253Ds%2525253Ah11%25255Ehidden%25253Db%2525253A1%25255Ewidth%25253Dn%2525253A100%255Eo%25253Aid%25253Ds%2525253Ah12%25255Ehidden%25253Db%2525253A1%25255Ewidth%25253Dn%2525253A100%255Eo%25253Aid%25253Ds%2525253Ah13%25255Ehidden%25253Db%2525253A1%25255Ewidth%25253Dn%2525253A100%255Eo%25253Aid%25253Ds%2525253Ah14%25255Ehidden%25253Db%2525253A1%255Eo%25253Aid%25253Ds%2525253Ah15%25255Ehidden%25253Db%2525253A1%255Eo%25253Aid%25253Ds%2525253Ah16%25255Ehidden%25253Db%2525253A1%25255Ewidth%25253Dn%2525253A100%255Eo%25253Aid%25253Ds%2525253Ah17%25255Ehidden%25253Db%2525253A1%25255Ewidth%25253Dn%2525253A100%255Eo%25253Aid%25253Ds%2525253Ah18%25255Ehidden%25253Db%2525253A1%25255Ewidth%25253Dn%2525253A100%255Eo%25253Aid%25253Ds%2525253Ah19%25255Ehidden%25253Db%2525253A1%25255Ewidth%25253Dn%2525253A100%255Eo%25253Aid%25253Ds%2525253Ah20%25255Ehidden%25253Db%2525253A1%25255Ewidth%25253Dn%2525253A100%255Eo%25253Aid%25253Ds%2525253Ah21%25255Ehidden%25253Db%2525253A1%25255Ewidth%25253Dn%2525253A100%255Eo%25253Aid%25253Ds%2525253Ah22%25255Ehidden%25253Db%2525253A1%25255Ewidth%25253Dn%2525253A100%255Eo%25253Aid%25253Ds%2525253Ah23%25255Ehidden%25253Db%2525253A1%25255Ewidth%25253Dn%2525253A100%255Eo%25253Aid%25253Ds%2525253Ah24%25255Ehidden%25253Db%2525253A1%25255Ewidth%25253Dn%2525253A100%255Eo%25253Aid%25253Ds%2525253Ah25%25255Ehidden%25253Db%2525253A1%25255Ewidth%25253Dn%2525253A100%255Eo%25253Aid%25253Ds%2525253Ah26%25255Ehidden%25253Db%2525253A1%25255Ewidth%25253Dn%2525253A100%255Eo%25253Aid%25253Ds%2525253Ah27%25255Ehidden%25253Db%2525253A1%25255Ewidth%25253Dn%2525253A100%255Eo%25253Aid%25253Ds%2525253Ah28%25255Ehidden%25253Db%2525253A1%25255Ewidth%25253Dn%2525253A100%255Eo%25253Aid%25253Ds%2525253Ah29%25255Ehidden%25253Db%2525253A1%25255Ewidth%25253Dn%2525253A100%255Eo%25253Aid%25253Ds%2525253Ah30%25255Ehidden%25253Db%2525253A1%25255Ewidth%25253Dn%2525253A100%255Eo%25253Aid%25253Ds%2525253Ah31%25255Ehidden%25253Db%2525253A1%25255Ewidth%25253Dn%2525253A100%255Eo%25253Aid%25253Ds%2525253Ah32%25255Ehidden%25253Db%2525253A1%25255Ewidth%25253Dn%2525253A100%255Eo%25253Aid%25253Ds%2525253Ah33%25255Ehidden%25253Db%2525253A1%25255Ewidth%25253Dn%2525253A100%255Eo%25253Aid%25253Ds%2525253Ah34%25255Ehidden%25253Db%2525253A1%25255Ewidth%25253Dn%2525253A100%255Eo%25253Aid%25253Ds%2525253Ah35%25255Ehidden%25253Db%2525253A1%25255Ewidth%25253Dn%2525253A100%255Eo%25253Aid%25253Ds%2525253Ah36%25255Ehidden%25253Db%2525253A1%25255Ewidth%25253Dn%2525253A100%255Eo%25253Aid%25253Ds%2525253Ah37%25255Ehidden%25253Db%2525253A1%25255Ewidth%25253Dn%2525253A100%255Eo%25253Aid%25253Ds%2525253Ah38%25255Ehidden%25253Db%2525253A1%25255Ewidth%25253Dn%2525253A100%255Eo%25253Aid%25253Ds%2525253Ah39%25255Ehidden%25253Db%2525253A1%25255Ewidth%25253Dn%2525253A100%255Eo%25253Aid%25253Ds%2525253Ah40%25255Ehidden%25253Db%2525253A1%25255Ewidth%25253Dn%2525253A100%255Eo%25253Aid%25253Ds%2525253Ah41%25255Ehidden%25253Db%2525253A1%25255Ewidth%25253Dn%2525253A100%255Eo%25253Aid%25253Ds%2525253Ah42%25255Ehidden%25253Db%2525253A1%25255Ewidth%25253Dn%2525253A100%255Eo%25253Aid%25253Ds%2525253Ah43%25255Ehidden%25253Db%2525253A1%25255Ewidth%25253Dn%2525253A100%255Eo%25253Aid%25253Ds%2525253Ah44%25255Ehidden%25253Db%2525253A1%25255Ewidth%25253Dn%2525253A100%255Eo%25253Aid%25253Ds%2525253Ah45%25255Ehidden%25253Db%2525253A1%25255Ewidth%25253Dn%2525253A100%255Eo%25253Aid%25253Ds%2525253Ah46%25255Ehidden%25253Db%2525253A1%25255Ewidth%25253Dn%2525253A100"
            }],
            "title": "Select Cluster",
            "type": "ResourceList"
         },
         {
            "collapsed": false,
            "config": {
               "refreshContent": {"refreshContent": true},
               "refreshInterval": 300,
               "selfProvider": {"selfProvider": false},
               "title": "Cluster Workload"
            },
            "gridsterCoords": {
               "h": 6,
               "w": 2,
               "x": 3,
               "y": 1
            },
            "height": 324,
            "id": "264d812d-37b8-4acb-8e3a-729f031be56f",
            "title": "Cluster Workload",
            "type": "IntSummaryWorkload"
         },
         {
            "collapsed": false,
            "config": {
               "impactedBadge": "",
               "refreshContent": {"refreshContent": false},
               "refreshInterval": 30,
               "selfProvider": {"selfProvider": false},
               "title": "Top Cluster Alerts",
               "topIssuesDisplayLimit": 5,
               "triggeredObject": {"triggeredObject": "selfChildren"}
            },
            "gridsterCoords": {
               "h": 6,
               "w": 2,
               "x": 5,
               "y": 1
            },
            "height": 324,
            "id": "4e8ddde0-3ccd-4b59-a3af-41038cc05b0a",
            "title": "Top Cluster Alerts",
            "type": "ProblemAlertsList"
         },
         {
            "collapsed": false,
            "config": {
               "autoTransitionInterval": null,
               "refreshContent": {"refreshContent": false},
               "refreshInterval": 300,
               "resInteractionMode": "TAM Cluster Contention",
               "resourceMetrics": [],
               "selfProvider": {"selfProvider": false},
               "showChartToolbar": {"showChartToolbar": true},
               "title": "Cluster Metrics 24h"
            },
            "gridsterCoords": {
               "h": 6,
               "w": 6,
               "x": 1,
               "y": 7
            },
            "height": 324,
            "id": "e73758d8-3289-4f9f-8a6b-82a2a6584aea",
            "states": [
               {
                  "key": "permBtn_zoomAllGraphs_permMetricChart_widget_e218bda6-2662-4748-bff0-cc18b60c9fe9_e73758d8-3289-4f9f-8a6b-82a2a6584aea",
                  "value": "b%3A0"
               },
               {
                  "key": "perm_toolbarVisible_widget_e218bda6-2662-4748-bff0-cc18b60c9fe9_e73758d8-3289-4f9f-8a6b-82a2a6584aea",
                  "value": "b%3A0"
               },
               {
                  "key": "permDateRange_permMetricChart_widget_e218bda6-2662-4748-bff0-cc18b60c9fe9_e73758d8-3289-4f9f-8a6b-82a2a6584aea",
                  "value": "s%3A%7B%22dateRange%22%3A%22last24Hour%22%2C%22dateFrom%22%3Anull%2C%22dateTo%22%3Anull%2C%22timeFrom%22%3Anull%2C%22timeTo%22%3Anull%7D"
               },
               {
                  "key": "permBtn_pan_permMetricChart_widget_e218bda6-2662-4748-bff0-cc18b60c9fe9_e73758d8-3289-4f9f-8a6b-82a2a6584aea",
                  "value": "b%3A0"
               },
               {
                  "key": "permMetricChart_widget_e218bda6-2662-4748-bff0-cc18b60c9fe9_e73758d8-3289-4f9f-8a6b-82a2a6584aea",
                  "value": "o%3Aweight%3Dn%253A0"
               }
            ],
            "title": "Cluster Metrics 24h",
            "type": "RollingViewChart"
         },
         {
            "collapsed": false,
            "config": {
               "additionalColumns": [],
               "mode": -1,
               "refreshContent": {"refreshContent": false},
               "refreshInterval": 300,
               "selectFirstRow": {"selectFirstRow": true},
               "tagFilter": {
                  "path": ["/source/kind/kind:resourceKind:id:1_::_"],
                  "value": {
                     "adapterInstance": [],
                     "adapterKind": [],
                     "bus": [],
                     "collector": [],
                     "day": [],
                     "exclaim": false,
                     "healthRange": [],
                     "kind": ["resourceKind:id:1_::_"],
                     "maintenanceSchedule": [],
                     "state": [],
                     "status": [],
                     "tag": [],
                     "tier": []
                  }
               },
               "title": "Select Host"
            },
            "gridsterCoords": {
               "h": 6,
               "w": 2,
               "x": 1,
               "y": 19
            },
            "height": 324,
            "id": "4c404fdb-ab0c-4595-8ca6-0a42cec9c851",
            "states": [{
               "key": "permResGrid_widget_e218bda6-2662-4748-bff0-cc18b60c9fe9_4c404fdb-ab0c-4595-8ca6-0a42cec9c851",
               "value": "o%3Acolumns%3Da%253Ao%25253Aid%25253Ds%2525253Ah1%25255Ehidden%25253Db%2525253A1%25255Ewidth%25253Dn%2525253A100%255Eo%25253Aid%25253Ds%2525253Ah2%255Eo%25253Aid%25253Ds%2525253Ah3%25255Ehidden%25253Db%2525253A1%25255Ewidth%25253Dn%2525253A100%255Eo%25253Aid%25253Ds%2525253Ah4%25255Ehidden%25253Db%2525253A1%255Eo%25253Aid%25253Ds%2525253Ah5%25255Ehidden%25253Db%2525253A1%255Eo%25253Aid%25253Ds%2525253Ah6%25255Ehidden%25253Db%2525253A1%255Eo%25253Aid%25253Ds%2525253Ah7%25255Ehidden%25253Db%2525253A1%25255Ewidth%25253Dn%2525253A100%255Eo%25253Aid%25253Ds%2525253Ah8%25255Ehidden%25253Db%2525253A1%25255Ewidth%25253Dn%2525253A100%255Eo%25253Aid%25253Ds%2525253Ah9%25255Ehidden%25253Db%2525253A1%25255Ewidth%25253Dn%2525253A100%255Eo%25253Aid%25253Ds%2525253Ah10%25255Ehidden%25253Db%2525253A1%25255Ewidth%25253Dn%2525253A100%255Eo%25253Aid%25253Ds%2525253Ah11%25255Ehidden%25253Db%2525253A1%25255Ewidth%25253Dn%2525253A100%255Eo%25253Aid%25253Ds%2525253Ah12%25255Ehidden%25253Db%2525253A1%25255Ewidth%25253Dn%2525253A100%255Eo%25253Aid%25253Ds%2525253Ah13%25255Ehidden%25253Db%2525253A1%25255Ewidth%25253Dn%2525253A100%255Eo%25253Aid%25253Ds%2525253Ah14%25255Ehidden%25253Db%2525253A1%255Eo%25253Aid%25253Ds%2525253Ah15%25255Ehidden%25253Db%2525253A1%255Eo%25253Aid%25253Ds%2525253Ah16%25255Ehidden%25253Db%2525253A1%25255Ewidth%25253Dn%2525253A100%255Eo%25253Aid%25253Ds%2525253Ah17%25255Ehidden%25253Db%2525253A1%25255Ewidth%25253Dn%2525253A100%255Eo%25253Aid%25253Ds%2525253Ah18%25255Ehidden%25253Db%2525253A1%25255Ewidth%25253Dn%2525253A100%255Eo%25253Aid%25253Ds%2525253Ah19%25255Ehidden%25253Db%2525253A1%25255Ewidth%25253Dn%2525253A100%255Eo%25253Aid%25253Ds%2525253Ah20%25255Ehidden%25253Db%2525253A1%25255Ewidth%25253Dn%2525253A100%255Eo%25253Aid%25253Ds%2525253Ah21%25255Ehidden%25253Db%2525253A1%25255Ewidth%25253Dn%2525253A100%255Eo%25253Aid%25253Ds%2525253Ah22%25255Ehidden%25253Db%2525253A1%25255Ewidth%25253Dn%2525253A100%255Eo%25253Aid%25253Ds%2525253Ah23%25255Ehidden%25253Db%2525253A1%25255Ewidth%25253Dn%2525253A100%255Eo%25253Aid%25253Ds%2525253Ah24%25255Ehidden%25253Db%2525253A1%25255Ewidth%25253Dn%2525253A100%255Eo%25253Aid%25253Ds%2525253Ah25%25255Ehidden%25253Db%2525253A1%25255Ewidth%25253Dn%2525253A100%255Eo%25253Aid%25253Ds%2525253Ah26%25255Ehidden%25253Db%2525253A1%25255Ewidth%25253Dn%2525253A100%255Eo%25253Aid%25253Ds%2525253Ah27%25255Ehidden%25253Db%2525253A1%25255Ewidth%25253Dn%2525253A100%255Eo%25253Aid%25253Ds%2525253Ah28%25255Ehidden%25253Db%2525253A1%25255Ewidth%25253Dn%2525253A100%255Eo%25253Aid%25253Ds%2525253Ah29%25255Ehidden%25253Db%2525253A1%25255Ewidth%25253Dn%2525253A100%255Eo%25253Aid%25253Ds%2525253Ah30%25255Ehidden%25253Db%2525253A1%25255Ewidth%25253Dn%2525253A100%255Eo%25253Aid%25253Ds%2525253Ah31%25255Ehidden%25253Db%2525253A1%25255Ewidth%25253Dn%2525253A100%255Eo%25253Aid%25253Ds%2525253Ah32%25255Ehidden%25253Db%2525253A1%25255Ewidth%25253Dn%2525253A100%255Eo%25253Aid%25253Ds%2525253Ah33%25255Ehidden%25253Db%2525253A1%25255Ewidth%25253Dn%2525253A100%255Eo%25253Aid%25253Ds%2525253Ah34%25255Ehidden%25253Db%2525253A1%25255Ewidth%25253Dn%2525253A100%255Eo%25253Aid%25253Ds%2525253Ah35%25255Ehidden%25253Db%2525253A1%25255Ewidth%25253Dn%2525253A100%255Eo%25253Aid%25253Ds%2525253Ah36%25255Ehidden%25253Db%2525253A1%25255Ewidth%25253Dn%2525253A100%255Eo%25253Aid%25253Ds%2525253Ah37%25255Ehidden%25253Db%2525253A1%25255Ewidth%25253Dn%2525253A100%255Eo%25253Aid%25253Ds%2525253Ah38%25255Ehidden%25253Db%2525253A1%25255Ewidth%25253Dn%2525253A100%255Eo%25253Aid%25253Ds%2525253Ah39%25255Ehidden%25253Db%2525253A1%25255Ewidth%25253Dn%2525253A100%255Eo%25253Aid%25253Ds%2525253Ah40%25255Ehidden%25253Db%2525253A1%25255Ewidth%25253Dn%2525253A100%255Eo%25253Aid%25253Ds%2525253Ah41%25255Ehidden%25253Db%2525253A1%25255Ewidth%25253Dn%2525253A100%255Eo%25253Aid%25253Ds%2525253Ah42%25255Ehidden%25253Db%2525253A1%25255Ewidth%25253Dn%2525253A100%255Eo%25253Aid%25253Ds%2525253Ah43%25255Ehidden%25253Db%2525253A1%25255Ewidth%25253Dn%2525253A100%255Eo%25253Aid%25253Ds%2525253Ah44%25255Ehidden%25253Db%2525253A1%25255Ewidth%25253Dn%2525253A100%255Eo%25253Aid%25253Ds%2525253Ah45%25255Ehidden%25253Db%2525253A1%25255Ewidth%25253Dn%2525253A100%255Eo%25253Aid%25253Ds%2525253Ah46%25255Ehidden%25253Db%2525253A1%25255Ewidth%25253Dn%2525253A100"
            }],
            "title": "Select Host",
            "type": "ResourceList"
         },
         {
            "collapsed": false,
            "config": {
               "autoTransitionInterval": null,
               "refreshContent": {"refreshContent": false},
               "refreshInterval": 300,
               "resInteractionMode": "TAM Cluster Contention",
               "resourceMetrics": [],
               "selfProvider": {"selfProvider": false},
               "showChartToolbar": {"showChartToolbar": true},
               "title": "Cluster Metrics 90 Days"
            },
            "gridsterCoords": {
               "h": 6,
               "w": 6,
               "x": 1,
               "y": 13
            },
            "height": 324,
            "id": "19432b6d-c911-41e9-a1a9-5364af5ec039",
            "states": [
               {
                  "key": "perm_toolbarVisible_widget_e218bda6-2662-4748-bff0-cc18b60c9fe9_19432b6d-c911-41e9-a1a9-5364af5ec039",
                  "value": "b%3A1"
               },
               {
                  "key": "permBtn_zoomAllGraphs_permMetricChart_widget_e218bda6-2662-4748-bff0-cc18b60c9fe9_19432b6d-c911-41e9-a1a9-5364af5ec039",
                  "value": "b%3A0"
               },
               {
                  "key": "permMetricChart_widget_e218bda6-2662-4748-bff0-cc18b60c9fe9_19432b6d-c911-41e9-a1a9-5364af5ec039",
                  "value": "o%3Aweight%3Dn%253A0"
               },
               {
                  "key": "permBtn_pan_permMetricChart_widget_e218bda6-2662-4748-bff0-cc18b60c9fe9_19432b6d-c911-41e9-a1a9-5364af5ec039",
                  "value": "b%3A0"
               },
               {
                  "key": "permDateRange_permMetricChart_widget_e218bda6-2662-4748-bff0-cc18b60c9fe9_19432b6d-c911-41e9-a1a9-5364af5ec039",
                  "value": "s%3A%7B%22dateRange%22%3A%22last90Days%22%2C%22dateFrom%22%3Anull%2C%22dateTo%22%3Anull%2C%22timeFrom%22%3Anull%2C%22timeTo%22%3Anull%7D"
               }
            ],
            "title": "Cluster Metrics 90 Days",
            "type": "RollingViewChart"
         },
         {
            "collapsed": false,
            "config": {
               "refreshContent": {"refreshContent": false},
               "refreshInterval": 300,
               "selfProvider": {"selfProvider": false},
               "title": "Host Workload"
            },
            "gridsterCoords": {
               "h": 6,
               "w": 2,
               "x": 3,
               "y": 19
            },
            "height": 324,
            "id": "0dc4b460-7451-4738-99ba-dcacb9c0b46f",
            "title": "Host Workload",
            "type": "IntSummaryWorkload"
         },
         {
            "collapsed": false,
            "config": {
               "impactedBadge": "",
               "refreshContent": {"refreshContent": false},
               "refreshInterval": 30,
               "selfProvider": {"selfProvider": false},
               "title": "Top Host Alerts",
               "topIssuesDisplayLimit": 5,
               "triggeredObject": {"triggeredObject": "selfChildren"}
            },
            "gridsterCoords": {
               "h": 6,
               "w": 2,
               "x": 5,
               "y": 19
            },
            "height": 324,
            "id": "4f1b0a50-c5e7-45a8-b0a1-b1d4629ce744",
            "title": "Top Host Alerts",
            "type": "ProblemAlertsList"
         },
         {
            "collapsed": false,
            "config": {
               "autoTransitionInterval": null,
               "refreshContent": {"refreshContent": false},
               "refreshInterval": 300,
               "resInteractionMode": "TAM Host Contention",
               "resourceMetrics": [],
               "selfProvider": {"selfProvider": false},
               "showChartToolbar": {"showChartToolbar": true},
               "title": "Host Metrics 24h"
            },
            "gridsterCoords": {
               "h": 6,
               "w": 6,
               "x": 1,
               "y": 25
            },
            "height": 324,
            "id": "c7bdff81-2bb3-4c6e-8964-ca1236be088f",
            "states": [
               {
                  "key": "permMetricChart_widget_e218bda6-2662-4748-bff0-cc18b60c9fe9_c7bdff81-2bb3-4c6e-8964-ca1236be088f",
                  "value": "o%3Aweight%3Dn%253A0"
               },
               {
                  "key": "permBtn_pan_permMetricChart_widget_e218bda6-2662-4748-bff0-cc18b60c9fe9_c7bdff81-2bb3-4c6e-8964-ca1236be088f",
                  "value": "b%3A0"
               },
               {
                  "key": "permBtn_zoomAllGraphs_permMetricChart_widget_e218bda6-2662-4748-bff0-cc18b60c9fe9_c7bdff81-2bb3-4c6e-8964-ca1236be088f",
                  "value": "b%3A0"
               },
               {
                  "key": "permDateRange_permMetricChart_widget_e218bda6-2662-4748-bff0-cc18b60c9fe9_c7bdff81-2bb3-4c6e-8964-ca1236be088f",
                  "value": "s%3A%7B%22dateRange%22%3A%22last24Hour%22%2C%22dateFrom%22%3Anull%2C%22dateTo%22%3Anull%2C%22timeFrom%22%3Anull%2C%22timeTo%22%3Anull%7D"
               },
               {
                  "key": "perm_toolbarVisible_widget_e218bda6-2662-4748-bff0-cc18b60c9fe9_c7bdff81-2bb3-4c6e-8964-ca1236be088f",
                  "value": "b%3A0"
               }
            ],
            "title": "Host Metrics 24h",
            "type": "RollingViewChart"
         },
         {
            "collapsed": false,
            "config": {
               "autoTransitionInterval": null,
               "refreshContent": {"refreshContent": false},
               "refreshInterval": 300,
               "resInteractionMode": "TAM Host Contention",
               "resourceMetrics": [],
               "selfProvider": {"selfProvider": false},
               "showChartToolbar": {"showChartToolbar": true},
               "title": "Host Metrics 90 Days"
            },
            "gridsterCoords": {
               "h": 6,
               "w": 6,
               "x": 1,
               "y": 31
            },
            "height": 324,
            "id": "edea4955-d3f2-4be4-a3fc-a1b536b77d5c",
            "states": [
               {
                  "key": "permBtn_pan_permMetricChart_widget_e218bda6-2662-4748-bff0-cc18b60c9fe9_edea4955-d3f2-4be4-a3fc-a1b536b77d5c",
                  "value": "b%3A0"
               },
               {
                  "key": "permMetricChart_widget_e218bda6-2662-4748-bff0-cc18b60c9fe9_edea4955-d3f2-4be4-a3fc-a1b536b77d5c",
                  "value": "o%3Aweight%3Dn%253A0"
               },
               {
                  "key": "permDateRange_permMetricChart_widget_e218bda6-2662-4748-bff0-cc18b60c9fe9_edea4955-d3f2-4be4-a3fc-a1b536b77d5c",
                  "value": "s%3A%7B%22dateRange%22%3A%22last90Days%22%2C%22dateFrom%22%3Anull%2C%22dateTo%22%3Anull%2C%22timeFrom%22%3Anull%2C%22timeTo%22%3Anull%7D"
               },
               {
                  "key": "perm_toolbarVisible_widget_e218bda6-2662-4748-bff0-cc18b60c9fe9_edea4955-d3f2-4be4-a3fc-a1b536b77d5c",
                  "value": "b%3A0"
               },
               {
                  "key": "permBtn_zoomAllGraphs_permMetricChart_widget_e218bda6-2662-4748-bff0-cc18b60c9fe9_edea4955-d3f2-4be4-a3fc-a1b536b77d5c",
                  "value": "b%3A0"
               }
            ],
            "title": "Host Metrics 90 Days",
            "type": "RollingViewChart"
         },
         {
            "collapsed": false,
            "config": {
               "additionalColumns": [],
               "mode": -1,
               "refreshContent": {"refreshContent": false},
               "refreshInterval": 300,
               "selectFirstRow": {"selectFirstRow": true},
               "tagFilter": {
                  "path": ["/source/kind/kind:resourceKind:id:2_::_"],
                  "value": {
                     "adapterInstance": [],
                     "adapterKind": [],
                     "bus": [],
                     "collector": [],
                     "day": [],
                     "exclaim": false,
                     "healthRange": [],
                     "kind": ["resourceKind:id:2_::_"],
                     "maintenanceSchedule": [],
                     "state": [],
                     "status": [],
                     "tag": [],
                     "tier": []
                  }
               },
               "title": "Select VM"
            },
            "gridsterCoords": {
               "h": 6,
               "w": 2,
               "x": 1,
               "y": 37
            },
            "height": 324,
            "id": "8720b3de-3326-4b99-a8a6-87d9813e8465",
            "states": [{
               "key": "permResGrid_widget_e218bda6-2662-4748-bff0-cc18b60c9fe9_8720b3de-3326-4b99-a8a6-87d9813e8465",
               "value": "o%3Acolumns%3Da%253Ao%25253Aid%25253Ds%2525253Ah1%25255Ehidden%25253Db%2525253A1%25255Ewidth%25253Dn%2525253A100%255Eo%25253Aid%25253Ds%2525253Ah2%255Eo%25253Aid%25253Ds%2525253Ah3%25255Ehidden%25253Db%2525253A1%25255Ewidth%25253Dn%2525253A100%255Eo%25253Aid%25253Ds%2525253Ah4%25255Ehidden%25253Db%2525253A1%255Eo%25253Aid%25253Ds%2525253Ah5%25255Ehidden%25253Db%2525253A1%255Eo%25253Aid%25253Ds%2525253Ah6%25255Ehidden%25253Db%2525253A1%255Eo%25253Aid%25253Ds%2525253Ah7%25255Ehidden%25253Db%2525253A1%25255Ewidth%25253Dn%2525253A100%255Eo%25253Aid%25253Ds%2525253Ah8%25255Ehidden%25253Db%2525253A1%25255Ewidth%25253Dn%2525253A100%255Eo%25253Aid%25253Ds%2525253Ah9%25255Ehidden%25253Db%2525253A1%25255Ewidth%25253Dn%2525253A100%255Eo%25253Aid%25253Ds%2525253Ah10%25255Ehidden%25253Db%2525253A1%25255Ewidth%25253Dn%2525253A100%255Eo%25253Aid%25253Ds%2525253Ah11%25255Ehidden%25253Db%2525253A1%25255Ewidth%25253Dn%2525253A100%255Eo%25253Aid%25253Ds%2525253Ah12%25255Ehidden%25253Db%2525253A1%25255Ewidth%25253Dn%2525253A100%255Eo%25253Aid%25253Ds%2525253Ah13%25255Ehidden%25253Db%2525253A1%25255Ewidth%25253Dn%2525253A100%255Eo%25253Aid%25253Ds%2525253Ah14%25255Ehidden%25253Db%2525253A1%255Eo%25253Aid%25253Ds%2525253Ah15%25255Ehidden%25253Db%2525253A1%255Eo%25253Aid%25253Ds%2525253Ah16%25255Ehidden%25253Db%2525253A1%25255Ewidth%25253Dn%2525253A100%255Eo%25253Aid%25253Ds%2525253Ah17%25255Ehidden%25253Db%2525253A1%25255Ewidth%25253Dn%2525253A100%255Eo%25253Aid%25253Ds%2525253Ah18%25255Ehidden%25253Db%2525253A1%25255Ewidth%25253Dn%2525253A100%255Eo%25253Aid%25253Ds%2525253Ah19%25255Ehidden%25253Db%2525253A1%25255Ewidth%25253Dn%2525253A100%255Eo%25253Aid%25253Ds%2525253Ah20%25255Ehidden%25253Db%2525253A1%25255Ewidth%25253Dn%2525253A100%255Eo%25253Aid%25253Ds%2525253Ah21%25255Ehidden%25253Db%2525253A1%25255Ewidth%25253Dn%2525253A100%255Eo%25253Aid%25253Ds%2525253Ah22%25255Ehidden%25253Db%2525253A1%25255Ewidth%25253Dn%2525253A100%255Eo%25253Aid%25253Ds%2525253Ah23%25255Ehidden%25253Db%2525253A1%25255Ewidth%25253Dn%2525253A100%255Eo%25253Aid%25253Ds%2525253Ah24%25255Ehidden%25253Db%2525253A1%25255Ewidth%25253Dn%2525253A100%255Eo%25253Aid%25253Ds%2525253Ah25%25255Ehidden%25253Db%2525253A1%25255Ewidth%25253Dn%2525253A100%255Eo%25253Aid%25253Ds%2525253Ah26%25255Ehidden%25253Db%2525253A1%25255Ewidth%25253Dn%2525253A100%255Eo%25253Aid%25253Ds%2525253Ah27%25255Ehidden%25253Db%2525253A1%25255Ewidth%25253Dn%2525253A100%255Eo%25253Aid%25253Ds%2525253Ah28%25255Ehidden%25253Db%2525253A1%25255Ewidth%25253Dn%2525253A100%255Eo%25253Aid%25253Ds%2525253Ah29%25255Ehidden%25253Db%2525253A1%25255Ewidth%25253Dn%2525253A100%255Eo%25253Aid%25253Ds%2525253Ah30%25255Ehidden%25253Db%2525253A1%25255Ewidth%25253Dn%2525253A100%255Eo%25253Aid%25253Ds%2525253Ah31%25255Ehidden%25253Db%2525253A1%25255Ewidth%25253Dn%2525253A100%255Eo%25253Aid%25253Ds%2525253Ah32%25255Ehidden%25253Db%2525253A1%25255Ewidth%25253Dn%2525253A100%255Eo%25253Aid%25253Ds%2525253Ah33%25255Ehidden%25253Db%2525253A1%25255Ewidth%25253Dn%2525253A100%255Eo%25253Aid%25253Ds%2525253Ah34%25255Ehidden%25253Db%2525253A1%25255Ewidth%25253Dn%2525253A100%255Eo%25253Aid%25253Ds%2525253Ah35%25255Ehidden%25253Db%2525253A1%25255Ewidth%25253Dn%2525253A100%255Eo%25253Aid%25253Ds%2525253Ah36%25255Ehidden%25253Db%2525253A1%25255Ewidth%25253Dn%2525253A100%255Eo%25253Aid%25253Ds%2525253Ah37%25255Ehidden%25253Db%2525253A1%25255Ewidth%25253Dn%2525253A100%255Eo%25253Aid%25253Ds%2525253Ah38%25255Ehidden%25253Db%2525253A1%25255Ewidth%25253Dn%2525253A100%255Eo%25253Aid%25253Ds%2525253Ah39%25255Ehidden%25253Db%2525253A1%25255Ewidth%25253Dn%2525253A100%255Eo%25253Aid%25253Ds%2525253Ah40%25255Ehidden%25253Db%2525253A1%25255Ewidth%25253Dn%2525253A100%255Eo%25253Aid%25253Ds%2525253Ah41%25255Ehidden%25253Db%2525253A1%25255Ewidth%25253Dn%2525253A100%255Eo%25253Aid%25253Ds%2525253Ah42%25255Ehidden%25253Db%2525253A1%25255Ewidth%25253Dn%2525253A100%255Eo%25253Aid%25253Ds%2525253Ah43%25255Ehidden%25253Db%2525253A1%25255Ewidth%25253Dn%2525253A100%255Eo%25253Aid%25253Ds%2525253Ah44%25255Ehidden%25253Db%2525253A1%25255Ewidth%25253Dn%2525253A100%255Eo%25253Aid%25253Ds%2525253Ah45%25255Ehidden%25253Db%2525253A1%25255Ewidth%25253Dn%2525253A100%255Eo%25253Aid%25253Ds%2525253Ah46%25255Ehidden%25253Db%2525253A1%25255Ewidth%25253Dn%2525253A100"
            }],
            "title": "Select VM",
            "type": "ResourceList"
         },
         {
            "collapsed": false,
            "config": {
               "refreshContent": {"refreshContent": false},
               "refreshInterval": 300,
               "selfProvider": {"selfProvider": false},
               "title": "VM Workload"
            },
            "gridsterCoords": {
               "h": 6,
               "w": 2,
               "x": 3,
               "y": 37
            },
            "height": 324,
            "id": "8f2e71db-5eba-4fca-8e6c-8cf44c498dd1",
            "title": "VM Workload",
            "type": "IntSummaryWorkload"
         },
         {
            "collapsed": false,
            "config": {
               "impactedBadge": "",
               "refreshContent": {"refreshContent": false},
               "refreshInterval": 30,
               "selfProvider": {"selfProvider": false},
               "title": "Top VM Alerts",
               "topIssuesDisplayLimit": 5,
               "triggeredObject": {"triggeredObject": "selfChildren"}
            },
            "gridsterCoords": {
               "h": 6,
               "w": 2,
               "x": 5,
               "y": 37
            },
            "height": 324,
            "id": "913f6419-cf1d-46c7-bc8c-de92102ee6eb",
            "title": "Top VM Alerts",
            "type": "ProblemAlertsList"
         },
         {
            "collapsed": false,
            "config": {
               "autoTransitionInterval": null,
               "refreshContent": {"refreshContent": false},
               "refreshInterval": 300,
               "resInteractionMode": "TAM VM Contention",
               "resourceMetrics": [],
               "selfProvider": {"selfProvider": false},
               "showChartToolbar": {"showChartToolbar": true},
               "title": "VM Metrics 24h"
            },
            "gridsterCoords": {
               "h": 6,
               "w": 6,
               "x": 1,
               "y": 43
            },
            "height": 324,
            "id": "7240d5ea-af8e-43c3-b0c7-9d5be330d816",
            "states": [
               {
                  "key": "permMetricChart_widget_e218bda6-2662-4748-bff0-cc18b60c9fe9_7240d5ea-af8e-43c3-b0c7-9d5be330d816",
                  "value": "o%3Aweight%3Dn%253A0"
               },
               {
                  "key": "permDateRange_permMetricChart_widget_e218bda6-2662-4748-bff0-cc18b60c9fe9_7240d5ea-af8e-43c3-b0c7-9d5be330d816",
                  "value": "s%3A%7B%22dateRange%22%3A%22last24Hour%22%2C%22dateFrom%22%3Anull%2C%22dateTo%22%3Anull%2C%22timeFrom%22%3Anull%2C%22timeTo%22%3Anull%7D"
               },
               {
                  "key": "perm_toolbarVisible_widget_e218bda6-2662-4748-bff0-cc18b60c9fe9_7240d5ea-af8e-43c3-b0c7-9d5be330d816",
                  "value": "b%3A0"
               },
               {
                  "key": "permBtn_zoomAllGraphs_permMetricChart_widget_e218bda6-2662-4748-bff0-cc18b60c9fe9_7240d5ea-af8e-43c3-b0c7-9d5be330d816",
                  "value": "b%3A0"
               },
               {
                  "key": "permBtn_pan_permMetricChart_widget_e218bda6-2662-4748-bff0-cc18b60c9fe9_7240d5ea-af8e-43c3-b0c7-9d5be330d816",
                  "value": "b%3A0"
               }
            ],
            "title": "VM Metrics 24h",
            "type": "RollingViewChart"
         },
         {
            "collapsed": false,
            "config": {
               "autoTransitionInterval": null,
               "refreshContent": {"refreshContent": false},
               "refreshInterval": 300,
               "resInteractionMode": "TAM VM Contention",
               "resourceMetrics": [],
               "selfProvider": {"selfProvider": false},
               "showChartToolbar": {"showChartToolbar": true},
               "title": "VM Metrics 90 Days"
            },
            "gridsterCoords": {
               "h": 6,
               "w": 6,
               "x": 1,
               "y": 49
            },
            "height": 324,
            "id": "0dc3a107-9986-4c56-8f60-9240018611e8",
            "states": [
               {
                  "key": "perm_toolbarVisible_widget_e218bda6-2662-4748-bff0-cc18b60c9fe9_0dc3a107-9986-4c56-8f60-9240018611e8",
                  "value": "b%3A1"
               },
               {
                  "key": "permBtn_pan_permMetricChart_widget_e218bda6-2662-4748-bff0-cc18b60c9fe9_0dc3a107-9986-4c56-8f60-9240018611e8",
                  "value": "b%3A0"
               },
               {
                  "key": "permMetricChart_widget_e218bda6-2662-4748-bff0-cc18b60c9fe9_0dc3a107-9986-4c56-8f60-9240018611e8",
                  "value": "o%3Aweight%3Dn%253A0"
               },
               {
                  "key": "permDateRange_permMetricChart_widget_e218bda6-2662-4748-bff0-cc18b60c9fe9_0dc3a107-9986-4c56-8f60-9240018611e8",
                  "value": "s%3A%7B%22dateRange%22%3A%22last90Days%22%2C%22dateFrom%22%3Anull%2C%22dateTo%22%3Anull%2C%22timeFrom%22%3Anull%2C%22timeTo%22%3Anull%7D"
               },
               {
                  "key": "permBtn_zoomAllGraphs_permMetricChart_widget_e218bda6-2662-4748-bff0-cc18b60c9fe9_0dc3a107-9986-4c56-8f60-9240018611e8",
                  "value": "b%3A0"
               }
            ],
            "title": "VM Metrics 90 Days",
            "type": "RollingViewChart"
         }
      ]
   }],
   "entries": {"resourceKind": [
      {
         "adapterKindKey": "VMWARE",
         "internalId": "resourceKind:id:1_::_",
         "resourceKindKey": "HostSystem"
      },
      {
         "adapterKindKey": "VMWARE",
         "internalId": "resourceKind:id:2_::_",
         "resourceKindKey": "VirtualMachine"
      },
      {
         "adapterKindKey": "VMWARE",
         "internalId": "resourceKind:id:0_::_",
         "resourceKindKey": "ClusterComputeResource"
      }
   ]},
   "uuid": "a4a87bd4-d7a3-4ea0-ba5e-2eb7a6a136fc"
}